{"cameraMode":{"drawMode":0,"name":"Shaded","section":"Shading Mode"},"sceneLighting":true,"audioPlay":false,"sceneViewState":{"m_AlwaysRefresh":false,"showFog":true,"showSkybox":true,"showFlares":true,"showImageEffects":true,"showParticleSystems":true,"showVisualEffectGraphs":true,"m_FxEnabled":true},"in2DMode":false,"pivot":{"x":24.328266143798829,"y":-7.874991416931152,"z":31.041410446166993},"rotation":{"x":0.08585585653781891,"y":0.5737623572349548,"z":-0.0606473833322525,"w":0.8122553825378418},"size":14.650232315063477,"orthographic":false}