{"cameraMode":{"drawMode":0,"name":"Shaded","section":"Shading Mode"},"sceneLighting":true,"audioPlay":false,"sceneViewState":{"m_AlwaysRefresh":false,"showFog":true,"showSkybox":true,"showFlares":true,"showImageEffects":true,"showParticleSystems":true,"showVisualEffectGraphs":true,"m_FxEnabled":true},"in2DMode":false,"pivot":{"x":4.392681121826172,"y":-0.39736077189445498,"z":37.457847595214847},"rotation":{"x":-0.15819638967514039,"y":0.15248329937458039,"z":-0.02473432943224907,"w":-0.9752533435821533},"size":14.639252662658692,"orthographic":false}